"TIMEOUT","CIRC_ID","STREAM_ID","LAUNCH","STARTED","USED_AT","COMPLETE_MS","COMPLETE_MS_USEDAT","REQUEST_MS","RESPONSE_MS","DATARREQUEST_MS","DATARESPONSE_MS","DATACOMPLETE_MS","TROUGHPUT_KBproSEC_Download","TROUGHPUT_KBproSEC","PATH"
FALSE,2,14,2014-10-21 14:10:11,2014-10-21 14:17:09,2014-10-21 14:17:42,32840.59,32842.16,0.32,538.46,538.55,1038.88,32840.59,158.5039364967,155.9061526963,"$8E65B652226D8E32613E0AE454FD0F5CC2F6379C, $DB65666C334A177E8D4EA5B12E933E16275DEEE7, $D3F7D132B7A4CD0B8E3D09ECFAEEAB7DA376F3DD, $BDB26EF60A419089CA3AA0891AF1681455285D48, $9030DCF419F6E2FBF84F63CBACBA0097B06F557E"
FALSE,6,19,2014-10-21 14:20:31,2014-10-21 14:27:09,2014-10-21 14:27:21,11458.95,11460.78,0.39,181.93,182.06,361.39,11458.95,454.0255682951,446.8271700404,"$104A9453FD93BDBEAE9E2024898266AD2051A1BD, $C414F28FD2BEC1553024299B31D4E726BEB8E788, $B731E7E488E657F434E4D5E25A688928FC7F2313, $C804BE8FB1C7C42D43C4A5E2039E77AA0FF3A8B4, $4F215EB01DE79196D6E39FCEEBA7ED43C76C3272"
FALSE,10,21,2014-10-21 14:27:09,2014-10-21 14:37:11,2014-10-21 14:38:20,68753.12,68755.07,0.33,518.27,518.94,873.38,68753.12,75.0357122814,74.4697051144,"$104A9453FD93BDBEAE9E2024898266AD2051A1BD, $772C86361E276271665579621815F43311A29DA6, $3E54415221B30DCBE27F2F3F6BB69821F3F8D789, $1AE180250D80A692077EDA35CC8E7387A9FDF220, $E34E25D958D46DDE5092385B14117C9B301DC0E9"
FALSE,13,23,2014-10-21 14:37:09,2014-10-21 14:47:11,2014-10-21 14:49:22,130440.83,130442.67,0.31,9149.33,9149.45,13236.05,130440.83,42.2123996863,39.2516076617,"$D165930932CAD4845BDE5E4B269066A7A385847B, $BB746FEDE07FEBD8DED13188BD2A47DBE97AD09D, $AF84792B7C1C0F1FCCC7EB625A06A54D2A0D3BCB, $654E7235A36C5059F3F207BAD7B6A72829B48EC7, $24AF060D82FEC0D59AECF499DB7D8D317467C828"
FALSE,17,28,2014-10-21 14:49:27,2014-10-21 14:57:12,2014-10-21 14:57:22,10139.46,10141.59,0.3,223.9,224.03,441.24,10139.46,516.3672236996,504.9730947346,"$D62FB817B0288085FAC38A6DC8B36DCD85B70260, $D07F7D4A35BBD1029CF28AADE21A7BEBE982C300, $D9D16F90DAAE6B4E41C3F7FB2DE3F119DE7CA31F, $1424C410D0EE6FB19CA69B64167B60A55969F90D, $69DF3CDA1CDA460C17ECAD9D6F0C117A42384FA0"
FALSE,26,39,2014-10-21 15:07:32,2014-10-21 15:11:47,2014-10-21 15:12:03,15963.3,15965.63,0.37,596.82,596.98,1097.29,15963.3,333.1960819616,320.7430985661,"$B37B9EE1BB199EB4215D93309C335B4C341FAE76, $B6D30CEC9F8FAB676CCD0634DC86412F1BA8F4D2, $CD6B850159CFF4C068A8D0F1BA5296AE4EDCAB39, $BDB26EF60A419089CA3AA0891AF1681455285D48, $E1E922A20AF608728824A620BADC6EFC8CB8C2B8"
FALSE,29,41,2014-10-21 15:17:21,2014-10-21 15:21:47,2014-10-21 15:21:55,7659.67,7661.41,0.32,297.05,297.17,520.92,7659.67,695.4151060338,668.4635142593,"$5BB51E650366D14C95027DB2F1D7A69BC5B00676, $BF50E09EED25B82861CF95E1AAA42DCFEF53E5D1, $14F21773A93EF899CA0AD48A594C5A47AA1710AB, $71C21BEDFF4DAF13D38E6DF41D9B0960BF72BBDA, $C974508A98446F36169FB248655BCD50DF17F14C"
FALSE,30,43,2014-10-21 15:21:47,2014-10-21 15:31:47,2014-10-21 15:33:14,86416.58,86418.36,0.33,278.42,279,584.73,86416.58,59.4397987057,59.2481152809,"$5BB51E650366D14C95027DB2F1D7A69BC5B00676, $7A8FAEB3CA2AACAA86A26458D0E13A4684449EDC, $5A16F7E31B26F286889F20027F57A5E253AF3F23, $D62FB817B0288085FAC38A6DC8B36DCD85B70260, $5C1E076A17578A8D734F977D53D28D409D546773"
FALSE,31,45,2014-10-21 15:31:47,2014-10-21 15:41:47,2014-10-21 15:42:42,54199.02,54201.75,0.34,531.47,531.57,1083.64,54199.02,95.4023377483,94.467239915,"$CCA25E5097BD1BF249B4217CA6C0C6F08EF6F90D, $C383413C97056179799E6451AFCDD7B8A2D95880, $D62FB817B0288085FAC38A6DC8B36DCD85B70260, $71D5B73832B9D6130AAC38180CB4393A0FE07212, $021CD197EF41625F48D599F3D1933A1A953B981B"
FALSE,36,50,2014-10-21 16:02:18,2014-10-21 16:09:39,2014-10-21 16:09:55,16073.27,16075.72,0.32,424.76,424.85,871.49,16073.27,327.1893948394,318.5475841952,"$B777D4C844AD769CB996046B462349617DDADEEA, $590DC1287F31F542EB7EBA7055A0F9D7E893643F, $055AEF1AEFD000EAFE4A55B6638F21EF0B90C81E, $8B67AE10335B9D44D31509B9A94ABE8ED769F17A, $A3C3D2664F5E92171359F71931AA2C0C74E2E65C"
FALSE,38,74,2014-10-21 16:12:38,2014-10-21 16:19:39,2014-10-21 16:20:05,25737.33,25739.73,0.32,540.08,540.18,1057.3,25737.33,203.19751967,198.9352546449,"$E388F7BD196F5195AEF114552585152EA6942329, $F2C4B2B7628F48D293AFD841B868B13914C7D570, $40F32747DA9C12CF59B7CAF2EA0FA918528C993B, $A10C0CE888D6D3E4F4400375935A6F239EE99983, $310FCAD1874DFF72A4969087906BC6DE329104A7"
FALSE,42,84,2014-10-21 16:19:39,2014-10-21 16:29:39,2014-10-21 16:29:56,16390.52,16392.42,0.32,778.25,778.39,1070.99,16390.52,327.950169449,312.381864498,"$E388F7BD196F5195AEF114552585152EA6942329, $1C92C8495D7104386C17F63C8F51E2ED070FFC8D, $0F472409C73012EA025481B11EA9FD8EEDF420BA, $83647F043F6FBD6CD8720F24931EDF1F6E518775, $183AE7AEAD2A2FA0E8690DF0AD7C5532A70A8015"
FALSE,45,86,2014-10-21 16:29:39,2014-10-21 16:39:39,2014-10-21 16:40:07,27237.57,27239.22,0.34,698.03,698.11,1213.79,27237.57,192.9202924375,187.978026325,"$C85EAD9E5D9B3CF9E853C23C85EC1EC95D253DAB, $4C0E55EFDCBEE8F279706DD1972C9659632B6B38, $2AD9B14FAC296B479A379F8FD3CCF6FC7F775EDB, $A6F64642F6D4C15E62BC421589E013433193055D, $5723495C31E02098F370F0797F74EDF82A74AC38"
FALSE,46,88,2014-10-21 16:39:39,2014-10-21 16:49:40,2014-10-21 16:49:53,12982.66,12985.14,0.3,992.79,992.89,1235.83,12982.66,427.0306400886,394.3810880048,"$C3046EDC56BE43A5F6DA10D87DCDF9CD1AA34CA5, $BC95C8BF36069EFA72002350E37D85BC5E705216, $34E627190284820BD6755D6D0BB42ECD4E863875, $72302D1D0BB2C2667DC7DC5E4DA138B547D5C115, $72A4E600D86B49E7FB8F1C3EE78158824A904267"
FALSE,47,93,2014-10-21 16:49:39,2014-10-21 16:59:40,2014-10-21 16:59:51,10712.39,10714.55,0.32,1288.29,1288.4,1513.12,10712.39,543.2941263333,477.9655613509,"$A37C47B03FF31CA6937D3D68366B157997FE7BCD, $653A36CAD2B38C813EA7802F5A6094D876D9684A, $19E471AB09CC4BC54FF89F841E59D60F886078B9, $3C79699D4FBC37DE1A212D5033B56DAE079AC0EF, $C86D2F3DEFE287A0EEB28D4887AF14E35C172733"
FALSE,49,95,2014-10-21 16:59:40,2014-10-21 17:09:40,2014-10-21 17:10:26,45382.85,45384.57,0.31,569.62,570.03,962.19,45382.85,114.2530299674,112.8187383195,"$A6F64642F6D4C15E62BC421589E013433193055D, $1158D3EDF0C74F3F0C00952FF144370617DFF4DE, $833001F2564C38D0E6D5E2775C77CA7F50FD4CA4, $AA09601FB0E566B7C148E1E47A435F584EDA57A2, $F6E53C99965EB36B984BC54728174005B332BBD3"
FALSE,57,98,2014-10-21 17:40:30,2014-10-21 17:41:20,2014-10-21 17:41:54,34173.43,34175.08,0.29,492.95,493.47,830.99,34173.43,152.0191919127,149.8252725999,"$889D1D38D3114B3964927A8305E58249EE2B2931, $80A23969F2EFB552EC536D1CE0F1669B2B3E6414, $E3D1A10B487356FA91027D84CCB7E1C90A9D11E6, $6324886969AC8522D623889CCBEAC0C3F595BEB5, $43AF032EE73B4595B8E18037676704DA01212F01"
FALSE,58,100,2014-10-21 17:50:48,2014-10-21 17:51:20,2014-10-21 17:51:42,21915.04,21916.97,0.5,308.51,309.02,614.51,21915.04,236.9710697827,233.6348921177,"$6FC085CAA20A5FFBBC4872C542E91CA9C8119E5B, $1E65F18A8C81CB67C3C975E7849C91A58B680793, $27AA5658ACB0A3DC6D9BC67D4807B7C9D4245691, $2CAE5275C9903C9239FC4112626FD5EBCBD8A2B8, $B7EC0C02D7D9F1E31B0C251A6B058880778A0CD1"
FALSE,60,105,2014-10-21 17:52:23,2014-10-21 18:01:20,2014-10-21 18:02:11,50571.38,50573.23,0.31,2885.79,2885.91,6220.87,50571.38,107.3702391464,101.2436717033,"$BB746FEDE07FEBD8DED13188BD2A47DBE97AD09D, $D07F7D4A35BBD1029CF28AADE21A7BEBE982C300, $27499751F7792A2074F50332A057C0DE8F9FF351, $3691CF0C3429472ED20AFDEF31DF6203367609F9, $AB217D85D0AC461E98E1270F5AE404E5FD8238C8"
FALSE,62,107,2014-10-21 18:01:20,2014-10-21 18:11:20,2014-10-21 18:11:44,23271.45,23273.25,0.3,569.46,569.86,1027.22,23271.45,225.5348916496,220.0149859527,"$BB746FEDE07FEBD8DED13188BD2A47DBE97AD09D, $33DB93FB583A7B6170DBD35D95AA5640A2EB7B5A, $82B94663F141978FB2252A166A7FCFF0BA3A1701, $C28A81118AAC57F84CF76BEAA38AD13E8AA056FB, $5E87B10B430BA4D9ADF1E1F01E69D3A137FB63C9"
FALSE,64,109,2014-10-21 18:11:21,2014-10-21 18:21:21,2014-10-21 18:21:35,13996.22,13998.38,0.3,488.48,488.57,912.01,13996.22,379.0445523461,365.8208728924,"$BF50E09EED25B82861CF95E1AAA42DCFEF53E5D1, $18BE989663CF3351F73D33C672BB1C985E0EA5D0, $439C285F46359F18581D1F8FC4D27E6C30C901DB, $FC2605E6F1DE76E69B9C3838265D461B6375A0F5, $EB79F07792A065D3C534063773E83268E069F5EB"
FALSE,65,133,2014-10-21 18:21:20,2014-10-21 18:31:21,2014-10-21 18:31:44,22770.92,22772.86,0.37,410.5,410.62,809.75,22770.92,228.9772618584,224.8517980766,"$32EE911D968BE3E016ECA572BB1ED0A9EE43FC2F, $3A6A156A01891A13DFAB19A16D2DBABB84F1869B, $ABF33FCBBDCE9771E6AB40258B56B1652C89A0F6, $822E5F038D5FE387FC0CDE5DF209ABBD947FD485, $182D725477529510D1118C8CC502B06CB0137AF8"
FALSE,74,143,2014-10-21 18:41:26,2014-10-21 18:42:02,2014-10-21 18:42:26,24210.3,24214.83,0.29,534.29,534.82,1035.44,24210.3,216.2574662841,211.4827964761,"$D07F7D4A35BBD1029CF28AADE21A7BEBE982C300, $028C187025F3F85EB6FEC29493E4F2BD08433DE1, $D46ADA3721F12DD925FB87BECE84E488FC9D7FA8, $6EF3A6D7E9417532613058275ED6DA1A2DA9D9A9, $7A45271FA2016A35EEA8A13623D7F151295CDC66"
FALSE,76,145,2014-10-21 18:52:01,2014-10-21 18:53:49,2014-10-21 18:54:37,48173.92,48176,0.33,1550.29,1550.38,3834.44,48173.92,109.8157825837,106.2822988045,"$B71CFEB11D541D40D9C6EB74F296BB897AD0903F, $C85EAD9E5D9B3CF9E853C23C85EC1EC95D253DAB, $FFA72BD683BC2FCF988356E6BEC1E490F313FB07, $64BB2CC745291AE1A747A11589CB8FB74EB585E3, $B0279A521375F3CB2AE210BDBFC645FDD2E1973A"
FALSE,75,147,2014-10-21 18:51:46,2014-10-21 19:03:49,2014-10-21 19:04:12,22858.09,22859.99,0.33,1303.59,1304.38,2009.59,22858.09,237.5460474047,223.9939137884,"$B71CFEB11D541D40D9C6EB74F296BB897AD0903F, $9235319D99A73D15DCA0FCAF0978C55234A73389, $0CC9B8AA649881C39E948E70B662772D8695C2E9, $14419131033443AE6E21DA82B0D307F7CAE42BDB, $DD8BD7307017407FCC36F8D04A688F74A0774C02"
FALSE,77,149,2014-10-21 19:03:48,2014-10-21 19:13:49,2014-10-21 19:14:03,13658.3,13659.98,0.32,381.85,382.26,732.64,13658.3,385.6571393516,374.8723658366,"$CE75BF0972ADD52AF8807602374E495C815DB304, $3D765C586CCA8B437B7697EA2CE6A51312530AB1, $52B18E33EA1C00D58ED860588BE3509CAF1E161A, $D8DFAB85638EB11648B05AE64E77EC11E3267238, $2B44FD1742D26E4F28D4CACF1F0CF8A686270E45"
FALSE,78,151,2014-10-21 19:13:49,2014-10-21 19:23:49,2014-10-21 19:24:16,26458.84,26461.11,0.33,360.63,361.46,713.38,26458.84,196.1882313685,193.510542063,"$772C86361E276271665579621815F43311A29DA6, $5AE72C34DAA2EF6A511AF82FAF68AA08BE9802D8, $F219786459647B068EDFFB69607476D444D83912, $F44DA505AD91CFC8D5745BB070909F20F21E06D9, $66EE036068F8646E836ADC0180161BA5A7826000"
FALSE,79,153,2014-10-21 19:23:49,2014-10-21 19:33:50,2014-10-21 19:34:06,16164.27,16166.74,0.32,467.08,467.21,931.31,16164.27,326.1756270431,316.7540826446,"$5D1C27912A5ED04535B2F040C4DA34782E8DDDE2, $7489E8EDD0B8B68C8A2CB31D2B56B6572091DA7F, $FC865417369E22C364BF4A3844A2B2623C60836A, $DC6006DE8E535F68FF5C5EE9C24677AB2AF4A56F, $AD368442E9FF33C08C7407DF2DA7DB958F406CE2"
FALSE,80,155,2014-10-21 19:33:49,2014-10-21 19:43:50,2014-10-21 19:44:37,46793.24,46795.35,0.32,368.77,369.17,702.62,46793.24,110.2876087631,109.4182648871,"$332CD489177F202570A7021328A17A91BF823889, $6F2450FBFCFEE5AC49FC899684AC53DFA416814F, $121ADF3C30928E4BBA28F22261E11FF76A11A79E, $995D0FE5A89563D79A383CCC2444D0E26C6BE625, $9480EBF2412469D219237D422B4F2A1185CB4112"
FALSE,81,157,2014-10-21 19:43:50,2014-10-21 19:53:50,2014-10-21 19:54:12,21457.76,21460.13,0.32,754.93,755.05,1317.39,21457.76,247.3106532528,238.6119738029,"$A164B376E0D51F0B289ACE9C13A95AB092B1B345, $27AEFB49809A921119821D4A32F0F3795FD46887, $D941D380E5228E7B4D372AF4D484629A96DC48B9, $18802C4C1B3DDC430700791916654F14CF3A076B, $9030DCF419F6E2FBF84F63CBACBA0097B06F557E"
FALSE,82,159,2014-10-21 19:53:50,2014-10-21 20:03:51,2014-10-21 20:04:04,13150.11,13151.95,0.32,352.02,352.09,704.74,13150.11,400.0619144893,389.3599156712,"$BAACCB29197DB833F107E410E2BFAE5009EE7583, $15CA200E1627B95DF337E52E51673651AE3079B0, $811F3FD8D280ADD330B3A3F18D5DD8F1A73B1012, $A53F5920B86F8190569BDFD59F7818BA73966CC3, $691AD93A9A53060BF271D1D07E2567EC9AB94314"
FALSE,83,161,2014-10-21 20:03:50,2014-10-21 20:13:51,2014-10-21 20:14:26,34756.67,34758.99,0.32,609.18,609.27,1106.44,34756.67,149.9382094872,147.3112030999,"$C804BE8FB1C7C42D43C4A5E2039E77AA0FF3A8B4, $8E65B652226D8E32613E0AE454FD0F5CC2F6379C, $1A814C761749C7A22445EC33B1754300ED8E74F6, $B013CA64C82EDC616BB3EC5DBE35BB7344EDFC2A, $89E3170B4E2FC9A430FB97536769FC0ABF6C4DB3"
FALSE,84,163,2014-10-21 20:13:51,2014-10-21 20:23:51,2014-10-21 20:49:14,1522363.24,1522365.34,0.32,279.68,279.79,579.28,1522363.24,3.3638103019,3.3631927899,"$F219786459647B068EDFFB69607476D444D83912, $63C1904FFE2DCB48B4F0FE8A4551CF53412EA289, $A164B376E0D51F0B289ACE9C13A95AB092B1B345, $34E627190284820BD6755D6D0BB42ECD4E863875, $575B40EF095A0F2B13C83F8485AFC56453817ABF"
FALSE,85,174,2014-10-21 20:23:51,2014-10-21 20:56:44,2014-10-21 20:57:01,16705.05,16707.27,0.33,237.26,237.34,471.58,16705.05,310.9114753748,306.5002351199,"$D20C006330B8DE1BE4083A2B6BDE824BB69117E8, $5A16F7E31B26F286889F20027F57A5E253AF3F23, $A0664AE9EA0DC15B5AD516F557476259B5052740, $023031EF97C58600D5D571603BEE277E6F79242D, $64186650FFE4469EBBE52B644AE543864D32F43C"
FALSE,86,176,2014-10-21 20:33:51,2014-10-21 21:06:44,2014-10-21 21:07:05,20415.3,20417,0.35,1011.12,1011.2,1907.39,20415.3,263.8617764457,250.7965741973,"$D20C006330B8DE1BE4083A2B6BDE824BB69117E8, $CD6B850159CFF4C068A8D0F1BA5296AE4EDCAB39, $5CC4737005D147DA3B8A960F4C68D477D20B6D24, $31FD755582413D9FF4DFA513D335BCBD389ADDAD, $4024B658462568C7E21A486006BEC60B244E86D8"
FALSE,89,178,2014-10-21 21:06:44,2014-10-21 21:16:45,2014-10-21 21:17:10,25029.97,25031.89,0.33,922.95,923.03,1265.73,25029.97,212.3869384836,204.5574515951,"$5A9B5923F4937C3ED76B0AD4CF1030C11FCAF1FA, $2DFA8D880EF54C3A2482148974A9FCBB5CA95226, $84380A96B503F02D5E3E120296A207EFD0200F50, $896364B7996F5DFBA0E15D1A2E06D0B98B555DD6, $DD8BD7307017407FCC36F8D04A688F74A0774C02"
FALSE,90,180,2014-10-21 21:16:44,2014-10-21 21:26:45,2014-10-21 21:26:59,13713.62,13716.12,0.33,861.08,861.19,1276.79,13713.62,398.3681500604,373.3604663815,"$426C34EC356E885CFA1458C47C033F53CF9649A9, $BC2BDBA7EF3FE432FA9DDA38F026325199BF0807, $22BCD0DFD148209C9860C7F89907AB4DEE974A08, $E81446ABF04FF020657FD03575B605225515A080, $AF657ED27ADF08EDB9E4C7EE90DDA5D2C1D46DFC"
FALSE,91,182,2014-10-21 21:26:45,2014-10-21 21:36:45,2014-10-21 21:37:10,24381.54,24383.32,0.33,419.45,419.54,908.95,24381.54,213.6716206497,209.997722536,"$93E8D956042F1C3572EFF87313F4794910584D3C, $21346CFF5462E49185AA39778441EE9F912EF668, $5ECD7C1DE182F68E6DA267E7E44CF41066D6C218, $DC22E0DE05CA0ED66A29345F53466456F4419EE8, $B486925DC901969CCE2B371E93740CF98C30539D"
FALSE,93,184,2014-10-21 21:36:50,2014-10-21 21:46:46,2014-10-21 21:47:01,15164.12,15166.24,0.31,567.77,567.88,893.86,15164.12,350.7751275741,337.6459472269,"$8406E862DE6B9C1CD22EEF1C67FC5CE8C7C47816, $970BFF917962D5D9F471FF7B8BFC947A53479723, $6956D6FD781142204B9175E4FD341DFE0683F5A0, $7D0BFDC6E39EAAC5CE1EE85F18C7F8376FDFE9E2, $BC630CBBB518BE7E9F4E09712AB0269E9DC7D626"
FALSE,94,186,2014-10-21 21:46:45,2014-10-21 21:56:46,2014-10-21 21:57:58,71866.14,71868.23,0.3,453.97,454.08,857.78,71866.14,71.6965755271,71.243869106,"$31BF869AED6A7455B8566B317555362BFC054D17, $76FE9AEA6ABBC02037B50FEBE911D6D99F64D239, $8260ADE00B93448C9CE35780BDBA742AC5E91256, $DDD7871C1B7FA32CB55061E08869A236E61BDDF8, $527ED954F9E7800AB00BCE366542CB074B42DD2A"
FALSE,96,189,2014-10-21 21:56:48,2014-10-21 22:20:21,2014-10-21 22:20:58,37174.74,37177.08,0.32,10721.25,10721.36,11230.25,37174.74,193.5480179332,137.7291053164,"$20CE3CCCEF6E52473BD567AE87651F5E77172D5E, $79C316AF984EB02280F3355D99C7EFFFD7CFD8DC, $EEEC602B6887DE706F8584661CFB0B3CBDBDEBDC, $566B5BC98EA7EC196B79D45935B79A2B0307052C, $8787CFCE283850E9AB200FECC85145046AC6C62F"
FALSE,99,192,2014-10-21 22:20:31,2014-10-21 22:40:21,2014-10-21 22:40:50,28616.64,28618.34,0.3,545.93,546.75,1039.54,28616.64,182.4018221813,178.9187509496,"$7F1D228E17AA6F4CEC24A90082CB2D457013C994, $B4E271EE8B1D93B65A2F57A7BD0D9E34287F68C9, $DDD7871C1B7FA32CB55061E08869A236E61BDDF8, $B7D49AECF6C574610819B8006A38700ECE027020, $9EA317EECA56BDF30CAEB208A253FB456EDAB1A0"
FALSE,100,203,2014-10-21 22:30:31,2014-10-21 22:50:21,2014-10-21 22:50:59,37292.03,37293.56,0.35,2691.84,2691.9,3192.07,37292.03,147.97632731,137.2960441435,"$B9221C50B46B2DDFBA57A814D8DD68B34BE02D2F, $EC704E2AEE1F6DA59C29CAAE5D03D10E70511D35, $FC37A7B1C264497BA01A08BF6D2C982A99D5B963, $716285BAEA1AF19519E1F6423F57CFCD5548D6CA, $6269EC22B7970ACDE4AF09F6ADE67CEB0C7F7964"
FALSE,104,205,2014-10-21 22:50:26,2014-10-21 23:00:22,2014-10-21 23:00:45,23091.08,23093.36,0.31,565.42,565.52,899.45,23091.08,227.2973772055,221.7336681491,"$B486925DC901969CCE2B371E93740CF98C30539D, $8E454B25A25FD00C8DADEF6988834C2112B96287, $B4E271EE8B1D93B65A2F57A7BD0D9E34287F68C9, $87C1E26B58E72906A6413AD3DDD29E867B6F3339, $541F22C4F3DE3F1EDC6F1FF3B0F0AB4FF83C0C02"
FALSE,105,207,2014-10-21 23:00:21,2014-10-21 23:10:22,2014-10-21 23:11:18,55877.18,55879.05,3.72,2191.59,2191.71,4077.5,55877.18,95.3703168138,91.6356401061,"$35E8B344F661F4F2E68B17648F35798B44672D7E, $662FF753251F8A26F8A3C7FE21981ED89E232F8C, $C8A35B3769186C11E110D9393E4337D2969938D1, $3A6A156A01891A13DFAB19A16D2DBABB84F1869B, $BC630CBBB518BE7E9F4E09712AB0269E9DC7D626"
FALSE,107,209,2014-10-21 23:10:27,2014-10-21 23:20:22,2014-10-21 23:20:36,13600.03,13602.14,4.74,474.46,474.53,907.44,13600.03,390.0802908222,376.6009317908,"$330CD3DB6AD266DC70CDB512B036957D03D9BC59, $02506C7727EEDE2B772D60FB89F81BDCD10D483C, $A82A47254A40E0D9D5164A3719AF61D12AA99C70, $4117C74077010C9B00F326C44461BB36F08046F6, $E34E25D958D46DDE5092385B14117C9B301DC0E9"
FALSE,108,211,2014-10-21 23:20:22,2014-10-21 23:30:22,2014-10-21 23:30:57,34225.2,34227.49,0.33,777.35,777.43,1498.99,34225.2,153.0744989077,149.5988242228,"$5A16F7E31B26F286889F20027F57A5E253AF3F23, $B8BF126649E9B88FF1F4320205E3A3BD4297942B, $2B77449FBCB1374909A039CBFB4DF4C67144D6C1, $91C881BC75C13F4FC78C3B058E8A260C90937767, $EC98311F9EC02BEAA183651CE8402249CD036D0A"
FALSE,109,213,2014-10-21 23:30:22,2014-10-21 23:40:23,2014-10-21 23:40:46,22900.59,22902.44,0.33,573.97,574.48,1173.1,22900.59,229.3279450458,223.5782474879,"$5AA81AE1F2584F1740D813F407FF08028783C5DF, $BA40594DF5E7FC474B54AB9763CF5B51892697B0, $B34B40B3EFCC1F40EAB01CE3B22C13ADA694765E, $24B7449109FFA7D24D5B751B1E3E65450054C870, $EC98311F9EC02BEAA183651CE8402249CD036D0A"
FALSE,110,215,2014-10-21 23:40:22,2014-10-21 23:50:23,2014-10-21 23:50:35,11699.3,11701.73,0.31,323.32,323.43,581.7,11699.3,450.0755876886,437.6449554713,"$97B867190D2A0387F3259EA65664A90884A8BDC4, $D9D16F90DAAE6B4E41C3F7FB2DE3F119DE7CA31F, $CFEC81B97F6C15689ED8451C3DB0F8C399C01724, $54ED9A99DC4F519028C5933A53A396AE9B17E3B0, $33D4668620F41FEB974AF5EB7F302D10465A2E7C"
FALSE,112,227,2014-10-21 23:52:29,2014-10-22 00:00:23,2014-10-22 00:00:35,11313.52,11315.53,0.34,373.95,374.02,747.75,11313.52,468.0287973293,452.5692492442,"$07421EC3C498DB851246AE58015525B903FA9C74, $A6F64642F6D4C15E62BC421589E013433193055D, $F8D27B163B9247B232A2EEE68DD8B698695C28DE, $CEC49773C9420F8476AB6C31EC7A649E2633E13C, $AB0CAFCF800539D686B07DCA1B05BDE82377EF83"
FALSE,115,229,2014-10-22 00:00:23,2014-10-22 00:10:24,2014-10-22 00:10:36,12057.34,12059.21,0.33,568.18,568.3,962.92,12057.34,445.6420303348,424.6490566377,"$07421EC3C498DB851246AE58015525B903FA9C74, $5A5E03355C1908EBF424CAF1F3ED70782C0D2F74, $58ED9C9C35E433EE58764D62892B4FFD518A3CD0, $9BF04559224F0F1C3C953D641F1744AF0192543A, $EDD8C49F8C5725721A6FDD136767B4C562271544"
FALSE,116,231,2014-10-22 00:10:23,2014-10-22 00:20:24,2014-10-22 00:20:41,16806.8,16808.89,0.35,867.32,867.43,1288.09,16806.8,321.2172150329,304.6448331129,"$84380A96B503F02D5E3E120296A207EFD0200F50, $30F27AC195F6393FC0CD9107F197A575F553ACB1, $DEC3330B3E4F220E792BD2113D86F2C0C90159B9, $9B13E2CB407684DDCB737D3E9AE953CB06492C9F, $DD8BD7307017407FCC36F8D04A688F74A0774C02"
FALSE,117,233,2014-10-22 00:20:24,2014-10-22 00:30:24,2014-10-22 00:30:42,17500.63,17502.26,0.3,593.76,593.86,1037.07,17500.63,302.8372654318,292.5659592859,"$D1A151BFD8DDD15587468FB79C2BFA7665012311, $1424C410D0EE6FB19CA69B64167B60A55969F90D, $5E291A84F158064F38089F7C4E914B48AD40F5F5, $32F27669D6DC030EBB478D4025C93A18D42F7B50, $BC630CBBB518BE7E9F4E09712AB0269E9DC7D626"
FALSE,120,235,2014-10-22 00:40:26,2014-10-22 00:58:24,2014-10-22 00:59:04,39962.92,39964.46,0.33,10759.85,10760.37,11201.99,39962.92,175.3271851374,128.1198503959,"$55DE34A4478B81F4BA0B0B44F1EE4F507701F126, $669E5034B6DE2E2C7CFBCF9EAC8D9F5A47757996, $DEC3330B3E4F220E792BD2113D86F2C0C90159B9, $1424C410D0EE6FB19CA69B64167B60A55969F90D, $5D1CB4B3025F4D2810CF12AB7A8DDDD6FC10F139"
FALSE,121,248,2014-10-22 00:58:34,2014-10-22 01:18:24,2014-10-22 01:18:47,22291.71,22293.96,0.32,688.97,689.08,1315.92,22291.71,237.0081241333,229.685092253,"$55DE34A4478B81F4BA0B0B44F1EE4F507701F126, $833001F2564C38D0E6D5E2775C77CA7F50FD4CA4, $8A6AE03B0181F7D73E06F54C66C96F28AF754A34, $9C823407CE8D1880F34187E6E2F9CA341B1EB238, $575B40EF095A0F2B13C83F8485AFC56453817ABF"
FALSE,122,250,2014-10-22 01:08:34,2014-10-22 01:28:25,2014-10-22 01:28:38,13013.01,13014.89,0.33,405.71,405.84,727.55,13013.01,406.1180768664,393.4624378205,"$7663AD93B561AA11F40982BBDB3D3063AD28E3C7, $DE15FF8D795ABED0EED2163D75C0D1B3CD968C7F, $161EECEA6DBF23FA2C45D1D1695872A27D1EFF0C, $EC34A70B58B8EB6B11F4D31BD36DC8C187CB3B8A, $47D04EC4A5EA83A1B6D4CD68D39F95272596001F"
FALSE,126,252,2014-10-22 01:28:24,2014-10-22 01:38:25,2014-10-22 01:38:39,13692.38,13694.49,0.33,469.14,469.26,814.99,13692.38,387.2006253252,373.9397805876,"$DBD67767640197FF96EC6A87684464FC48F611B6, $14419131033443AE6E21DA82B0D307F7CAE42BDB, $39F096961ED2576975C866D450373A9913AFDC92, $92E4FA1B54B5F55F851F46BDDEDD9E88D8F6580A, $E1E922A20AF608728824A620BADC6EFC8CB8C2B8"
FALSE,127,254,2014-10-22 01:38:25,2014-10-22 01:48:25,2014-10-22 01:48:39,13291.91,13293.89,0.35,477.8,477.9,816.1,13291.91,399.5627876746,385.2069928829,"$CE53063FD5EB366FCF21CDDB1903D42D5FD7BCA2, $B3E73C44BC02AE4DB309CA209E121B0B025552CE, $A49A0ACF7D45C1A70CCD08F3B69322BB6B1AA7E9, $AC51642FA7A01C47B66F9747ABB41A2BC07C41F4, $1946F5E4748B069D3B989B5AF50C7DDD3AC61859"
FALSE,128,256,2014-10-22 01:48:25,2014-10-22 01:58:26,2014-10-22 01:58:42,15967,15968.62,0.29,547.81,547.89,1031.84,15967,332.055421654,320.6672723072,"$3B962433E8CB39A2F906532DD462FE75BC378DFD, $2EBAE995D0E003C92DD6B4397392C2FB184769C6, $63C1904FFE2DCB48B4F0FE8A4551CF53412EA289, $3309D710F43B769F11D4CA65F08961844658536C, $19F1B8C024B0EC1E43E9EFFC3614471A10A6EAA3"
FALSE,129,258,2014-10-22 01:58:25,2014-10-22 02:08:26,2014-10-22 02:08:46,19591.76,19594.2,0.32,651.73,651.83,1145.34,19591.76,270.3283914173,261.3386001685,"$6B4DD95DAC2410438F3948F797ACB6185C0DBD12, $18B160CD5E22BFC345AEE7BA84B7EA45BF457FCA, $4F66B55234B85E27760FC0D9CAEF1A88AD579468, $47C174E1596322192F672FEA706C4964BFEE5791, $9030DCF419F6E2FBF84F63CBACBA0097B06F557E"
FALSE,130,260,2014-10-22 02:08:26,2014-10-22 02:18:26,2014-10-22 02:18:34,7210.12,7212.32,0.31,334.77,334.86,622.34,7210.12,744.6990027261,710.143246201,"$51BECCE239F6B7CBA6BE49F169805A2454ABF17B, $055AEF1AEFD000EAFE4A55B6638F21EF0B90C81E, $FC37A7B1C264497BA01A08BF6D2C982A99D5B963, $E1362B3C85594A630C0773A42F2EAF13C20A1DD2, $8CCE3E38C6325E53F9378C1CA7F50366ED2A9BD7"
FALSE,131,271,2014-10-22 02:18:26,2014-10-22 02:28:27,2014-10-22 02:29:23,55996.14,55998.46,0.31,423.38,423.51,820.41,55996.14,92.1316807997,91.4353719981,"$15DE82A347E59800D52954ACDA5A914331418664, $BCCB844419AE26534020D8AF21C26BE931621D6A, $A10C4F666D27364036B562823E5830BC448E046A, $3711E80B5B04494C971FB0459D4209AB7F2EA799, $38367556C70C24D4DD47C587D40C0993EFC3FDEA"
FALSE,134,280,2014-10-22 02:28:26,2014-10-22 02:38:27,2014-10-22 02:39:08,40628.02,40630.5,0.33,669.3,669.38,1271.75,40628.02,128.1324987325,126.02242176,"$1C92C8495D7104386C17F63C8F51E2ED070FFC8D, $8E454B25A25FD00C8DADEF6988834C2112B96287, $A1A2A3E9189046AE8D4CFCDD87CC32E6A20524C8, $EC704E2AEE1F6DA59C29CAAE5D03D10E70511D35, $549871C206593DBFF3EBA9F5BCA0231DBEA308B2"
FALSE,136,289,2014-10-22 02:38:27,2014-10-22 02:48:27,2014-10-22 02:48:39,11238.63,11240.4,0.33,239.12,239.23,414.69,11238.63,465.4798567482,455.5850461105,"$970BFF917962D5D9F471FF7B8BFC947A53479723, $CBD0D1BD110EC52963082D839AC6A89D0AE243E7, $381EC434E1F812A81B8CD7BADC2AE59303B241E6, $055AEF1AEFD000EAFE4A55B6638F21EF0B90C81E, $C37C070A2895414DBCEB26A911A87166420D9D51"
FALSE,139,291,2014-10-22 02:48:27,2014-10-22 02:58:28,2014-10-22 02:58:50,22009.57,22011.45,0.32,716.49,716.59,2858.82,22009.57,240.454810757,232.6295245437,"$3E2C390FD861C83A974B7BF75428C061415CD675, $92E4FA1B54B5F55F851F46BDDEDD9E88D8F6580A, $5665A3904C89E22E971305EE8C1997BCA4123C69, $44EBBF17171FBC1E86C8DE9BA3C8F6E325036DDC, $63F054E1F865D5694C61B4E8F4153B16F50D0CE2"
FALSE,140,293,2014-10-22 02:58:27,2014-10-22 03:08:28,2014-10-22 03:09:11,42739.24,42740.97,0.34,639.62,639.73,1518.61,42739.24,121.6166032569,119.7972010662,"$19F570C7C3F355040CEE61C89D5467D390E6EDD0, $A6F64642F6D4C15E62BC421589E013433193055D, $5CC4737005D147DA3B8A960F4C68D477D20B6D24, $855BC2DABE24C861CD887DB9B2E950424B49FC34, $FDA37FDA63912E149B35C63CE047EE3DDF75C0EB"
FALSE,141,295,2014-10-22 03:08:28,2014-10-22 03:18:28,2014-10-22 03:18:38,9351.85,9354.05,0.34,458.91,459.02,700.69,9351.85,575.7442657406,547.5052188712,"$31A993F413D01E68117F76247E4F242095190B87, $1ECD73B936CB6E6B3CD647CC204F108D9DF2C9F7, $35E8B344F661F4F2E68B17648F35798B44672D7E, $2691AE47D3E1D5702520F2792951927C9FE82C67, $066E38CB23C3A29208D01A3E76CE5A3F906E3828"
FALSE,142,297,2014-10-22 03:18:28,2014-10-22 03:28:29,2014-10-22 03:28:34,4960.53,4962.23,0.32,195.67,195.78,396.83,4960.53,1074.5568504413,1032.2133539138,"$C383413C97056179799E6451AFCDD7B8A2D95880, $F4873B3EC3325B81DC36C7E38AD3A5ED12B2F339, $9A97AB6D11EBFCEC80788642EA137B3A938F8611, $5CCAA56386455CD763364B32CDD1420DB05D4260, $35961469646A623F9EE03B7B45296527A624AAFD"
FALSE,143,299,2014-10-22 03:28:28,2014-10-22 03:41:16,2014-10-22 03:41:37,21046.08,21048.45,0.33,631.55,632.09,1190.97,21046.08,250.8084308101,243.279615125,"$230C0DF5ADA471B94BD1E4DA42AD0C7006B84532, $BC232851E97219AC731F2442BFC61AD2D3DA9C03, $147D58BC76E9CA29B83A3A08056DB078A6DC833D, $07A5EAB0AFFF520FF9D95F87C5CCE706A51889E6, $88906028D51EA38360B52E91F8E3DDB3A15CA450"
FALSE,144,301,2014-10-22 03:38:29,2014-10-22 03:51:16,2014-10-22 03:51:26,9860.93,9863.4,0.34,275.61,275.72,537.45,9860.93,534.1561067473,519.2387664633,"$2EBAE995D0E003C92DD6B4397392C2FB184769C6, $104A9453FD93BDBEAE9E2024898266AD2051A1BD, $231C2B9C8C31C295C472D031E06964834B745996, $5A355873542F98186E9C1694C580D86773AD8A8E, $527ED954F9E7800AB00BCE366542CB074B42DD2A"
FALSE,145,303,2014-10-22 03:51:16,2014-10-22 04:01:16,2014-10-22 04:01:38,21495.97,21497.66,0.35,726.66,726.76,1033.19,21495.97,246.5188118659,238.1880710044,"$6377729C4240EB94D3B1E5CC810F138A79D6C125, $A94651D16C4C7118A37A0740624DE9EFFA08B44A, $8E65B652226D8E32613E0AE454FD0F5CC2F6379C, $F3416AAAC641B106022BC051F64DBBA18C52D8CF, $59106020B434183699C11F68A4541DD56A2D7BEC"
FALSE,146,305,2014-10-22 04:01:16,2014-10-22 04:11:17,2014-10-22 04:11:35,18175.86,18178.26,0.31,419.84,419.91,889.87,18175.86,288.3540454935,281.6972240556,"$F65E0196C94DFFF48AFBF2F5F9E3E19AAE583FD0, $0BC1856A10B028CC24DF308CDE7DA62165BC195A, $4284E942842BCD7747AD468147B50BC93ADD8258, $B71CFEB11D541D40D9C6EB74F296BB897AD0903F, $5D1CB4B3025F4D2810CF12AB7A8DDDD6FC10F139"
FALSE,147,317,2014-10-22 04:11:16,2014-10-22 04:21:17,2014-10-22 04:21:27,9774.69,9777.04,0.31,526.08,526.19,937.91,9774.69,553.6034039311,523.8184883934,"$0C77421C890D16B6D201283A2244F43DF5BC89DD, $5F6BEB9DD900B305C84A290AA517C7283DBCF166, $B4E271EE8B1D93B65A2F57A7BD0D9E34287F68C9, $322C6E3A973BC10FC36DE3037AD27BC89F14723B, $4A0C3E177AF684581EF780981AEAF51A98A6B5CF"
FALSE,151,319,2014-10-22 04:21:16,2014-10-22 04:31:17,2014-10-22 04:31:26,8436.03,8438.14,0.31,414.72,415.32,668.54,8436.03,638.3474033532,606.9429296491,"$5533B9DBAD6B5B419A604611925E55AB6B9FBA32, $91ADFDB62A2157A19577C003FD1A04A8DFE40F07, $22BCD0DFD148209C9860C7F89907AB4DEE974A08, $C11650E31F83E149C855D574B3171CC9CF9BEE19, $D1271A1E15C568DA709D3A1E68188EEAE8DDB834"
FALSE,152,321,2014-10-22 04:31:17,2014-10-22 04:41:17,2014-10-22 04:41:36,18196.44,18198.94,0.36,647.36,647.44,1252.55,18196.44,291.7545321623,281.3791904968,"$52330B466C87394B2C295C714F56D539A5ABE062, $58F33474D68E802134390CB542F7D3B2AFAF2001, $5A5E03355C1908EBF424CAF1F3ED70782C0D2F74, $39F096961ED2576975C866D450373A9913AFDC92, $AB0CAFCF800539D686B07DCA1B05BDE82377EF83"
FALSE,153,323,2014-10-22 04:41:17,2014-10-22 04:51:18,2014-10-22 04:51:26,7875.07,7876.89,0.33,302.67,302.8,598.97,7875.07,676.1504646545,650.1801166017,"$BB8BB860D4ACF0281D5CF049AEC10163FD2C1A9C, $F7B886B61A85812772BEB4BD1BED8C0FB5563BBF, $DE134FC8E5CC4EC8A5DE66934E70AC9D70267197, $971AFB23C168DCD8EDA17473C1C452B359DE3A5A, $9030DCF419F6E2FBF84F63CBACBA0097B06F557E"
FALSE,154,325,2014-10-22 04:51:17,2014-10-22 05:01:18,2014-10-22 05:01:31,12496.56,12498.42,0.33,432.78,432.91,860.54,12496.56,424.4152504883,409.7234131734,"$C9E0CE6223EBE71C3CC3B15E9910EF8663F179F8, $FF333BFBDBF5244708F098416F02FCC5AED95C54, $1CBC29326C8EDFDB81FBC02CF04A5818DEB17FC9, $C3046EDC56BE43A5F6DA10D87DCDF9CD1AA34CA5, $FF97E9118A5642207E5713410B26CF22099FB7C1"
FALSE,156,327,2014-10-22 05:01:20,2014-10-22 05:11:18,2014-10-22 05:11:26,7236.97,7238.79,0.3,263.51,263.64,450.19,7236.97,734.2257585119,707.5081244519,"$3EDDD0B6FE6C021CE7994ABC5434407187840279, $10687693ECE35F7C90B6D5728597A035602D5A62, $C9D104C42C599BD358F71072D3901C245E6D1485, $43D886BB08111FCBDBAF9487E50965338527BB05, $B7580D392853F23597E11575F061B8097ADD92B6"
FALSE,157,329,2014-10-22 05:11:18,2014-10-22 05:21:19,2014-10-22 05:21:52,32996.47,32998.37,0.31,979.09,979.17,1973.94,32996.47,159.9135318623,155.169567068,"$8B9AD4D3055E9F9A5A027BD98F61583E673FF84B, $BC630CBBB518BE7E9F4E09712AB0269E9DC7D626, $3F1ED718AA40BBA2FDF06E948DF3859E826FFBD3, $7C8B65805D3B5CD10DBF7CD04523396DDCD6AC76, $C1B48F2210CBF1472B50A94A06C5B136644F7466"
FALSE,158,331,2014-10-22 05:21:18,2014-10-22 05:31:19,2014-10-22 05:31:28,8772.88,8774.69,0.31,572.52,572.64,899.1,8772.88,624.3718959883,583.6372878958,"$3691CF0C3429472ED20AFDEF31DF6203367609F9, $8E65B652226D8E32613E0AE454FD0F5CC2F6379C, $D7DB8E82604F806766FC3F80213CF719A0481D0B, $DDD7871C1B7FA32CB55061E08869A236E61BDDF8, $25C71FA5B808156C5014A284A18C557774F89B01"
FALSE,159,333,2014-10-22 05:31:19,2014-10-22 05:41:19,2014-10-22 05:41:33,13467.74,13469.79,0.31,494.85,494.98,816.23,13467.74,394.6732644278,380.1764652329,"$EC116BCB80565A408CE67F8EC3FE3B0B02C3A065, $39426CE7402CB62F04F5DFABA5CFBBAD08693900, $986A7FE135C6138D2511C6C45AB2B28AA2201057, $654E7235A36C5059F3F207BAD7B6A72829B48EC7, $DFE9823D39359274F76DED28D42F971E2A24681F"
FALSE,160,344,2014-10-22 05:41:19,2014-10-22 05:51:20,2014-10-22 05:51:32,12067,12068.4,0.32,262.22,262.28,592.02,12067,433.7248162351,424.309028838,"$06BA3A52D61FCF29C6F26E1953B050B61BD84F95, $32EE911D968BE3E016ECA572BB1ED0A9EE43FC2F, $055AEF1AEFD000EAFE4A55B6638F21EF0B90C81E, $A5DEF08A1D6075453C6CB856B2F1FA4070D67ECF, $D03617731DDC05FE03F4061676F60B51DA9279F7"
FALSE,162,346,2014-10-22 05:51:19,2014-10-22 06:01:20,2014-10-22 06:02:06,45691.45,45692.99,0.34,5521.78,5521.91,6006.44,45691.45,127.4597771691,112.0568264009,"$0A0FBEC1C2DAACACFDEC48ED91C1E37739E4F490, $A5DEF08A1D6075453C6CB856B2F1FA4070D67ECF, $067F9C885BDE11E8C86E95CC7EC45D48C22A85B3, $D80F06FEE4C962F4F74DB110C7F330D2EDFD6CEE, $6F78A3E8D3ED3E2E5A42E49A0ED7503CFC73EECA"
FALSE,163,369,2014-10-22 06:01:20,2014-10-22 06:11:20,2014-10-22 06:21:37,616372.26,616374.71,0.31,7284.41,7284.53,7503.51,616372.26,8.4060139262,8.3066726325,"$C81D841E6B3EB2AEE82825C9D2B062FCD2C728A9, $BDB26EF60A419089CA3AA0891AF1681455285D48, $104A9453FD93BDBEAE9E2024898266AD2051A1BD, $9B13E2CB407684DDCB737D3E9AE953CB06492C9F, $949DCB589B43B614ED08D65FC17DD6BA45C4281A"
FALSE,166,375,2014-10-22 06:11:20,2014-10-22 06:29:07,2014-10-22 06:29:23,15694.96,15696.82,0.38,497.1,497.62,879.61,15694.96,336.9009527566,326.2272539678,"$8806C3E6FA42B07113F3A1553DE70C0A30101201, $06B835EFA1AC86272BA10AB5616B9FF8788B4E82, $2A9D3808E1DDD74E0C76952F4729F93E8DDD8655, $1EB8BDA15D27B3F9D4A2EDDA58357EA656150075, $5D1CB4B3025F4D2810CF12AB7A8DDDD6FC10F139"
FALSE,169,380,2014-10-22 06:21:20,2014-10-22 06:39:07,2014-10-22 06:39:14,6455.02,6457.4,0.32,258.89,258.97,507.25,6455.02,826.3322479364,793.2196999555,"$8806C3E6FA42B07113F3A1553DE70C0A30101201, $5A16F7E31B26F286889F20027F57A5E253AF3F23, $5A5E03355C1908EBF424CAF1F3ED70782C0D2F74, $C804BE8FB1C7C42D43C4A5E2039E77AA0FF3A8B4, $59106020B434183699C11F68A4541DD56A2D7BEC"
FALSE,172,382,2014-10-22 06:41:01,2014-10-22 06:49:08,2014-10-22 06:49:29,21154.32,21156.03,0.33,329.13,329.23,591.71,21154.32,245.8573864157,242.0347402588,"$9CD77810A49B52A333666689B334447DCAD40591, $70C72CB33CA2F84A494B44D36F19EEFD57A70C10, $2AFE920194ED5807377CB0BB696C5C870CED8BFD, $543363A9238673DFE92544E18EF426D6A48B75B2, $C37C070A2895414DBCEB26A911A87166420D9D51"
FALSE,173,384,2014-10-22 06:49:07,2014-10-22 06:59:08,2014-10-22 06:59:24,15800.03,15802.57,0.31,259.07,259.19,442.44,15800.03,329.4544157446,324.0564764313,"$9CD77810A49B52A333666689B334447DCAD40591, $52E473115CD703F0CE2F5EBA34DD6D09215316A8, $44A1984018D2B91955E68088B03D8A299E53A548, $9A97AB6D11EBFCEC80788642EA137B3A938F8611, $66EE036068F8646E836ADC0180161BA5A7826000"
FALSE,175,395,2014-10-22 06:59:09,2014-10-22 07:09:08,2014-10-22 07:09:16,7456.31,7458.14,0.32,302.72,302.82,537.85,7456.31,715.7342653882,686.6957511611,"$5665A3904C89E22E971305EE8C1997BCA4123C69, $543363A9238673DFE92544E18EF426D6A48B75B2, $6B939266A97973428AA9224CCFD2F6A38AB49745, $79DEB4E02FD08AE1AEB4D8594AAB082375E9062D, $D3BDECB920E0B7543AD2BA7BF573F7B0F37F7B0F"
FALSE,178,397,2014-10-22 07:09:08,2014-10-22 07:19:09,2014-10-22 07:19:21,12100.91,12102.76,0.31,239.77,239.85,445.65,12100.91,431.6646214341,423.1195113201,"$96DFEA6A87021CC36B4000316F12292780DD8319, $070C3D68D017351AFEEC4A1BD1340A71E5451652, $9AA5AE2AB9D1F5A30B1CAFF705A9CD8408237669, $D1B8AAA98C65F3DF7D8BB3AF881CAEB84A33D8EE, $E10ACBEDF815271CC82D6EFAEB680E770ED82655"
FALSE,179,399,2014-10-22 07:19:08,2014-10-22 07:29:09,2014-10-22 07:29:23,13802.52,13804.31,0.34,326.75,327.18,573.62,13802.52,379.9533943123,370.9559205589,"$60E46E78C301FD1297D38972D1C2B36782887253, $C974508A98446F36169FB248655BCD50DF17F14C, $0336D1190D8F73F2215549C9AF9A4FA7F7A028B3, $174FC30B48963CA2F790F5765477B8B22CE8613A, $A53C46F5B157DD83366D45A8E99A244934A14C46"
FALSE,180,401,2014-10-22 07:29:09,2014-10-22 07:39:09,2014-10-22 07:39:25,15501.82,15504.04,0.33,688.99,689.11,1200.43,15501.82,345.6491317963,330.2908771326,"$43945E4087794CA1F785386BE5D7494ABEE1CC1F, $DD1253FCA7096612FF197391328D72525A394CCE, $B839D6CCC5438A21E547DB62043CB0192C068F51, $CE75BF0972ADD52AF8807602374E495C815DB304, $BC630CBBB518BE7E9F4E09712AB0269E9DC7D626"
FALSE,181,403,2014-10-22 07:39:09,2014-10-22 07:49:09,2014-10-22 07:49:32,22368.04,22369.93,0.32,548.48,548.58,1427.32,22368.04,234.65298335,228.9013519449,"$703285CC83B0265E21D1709A489D8114569BCFBA, $9D11A51663CE050ECC5244C998C0DE429D596569, $BDB26EF60A419089CA3AA0891AF1681455285D48, $4607EB748FA6E90E8F8B1F8FFC6C31D68A661119, $AB217D85D0AC461E98E1270F5AE404E5FD8238C8"
FALSE,182,405,2014-10-22 07:49:09,2014-10-22 07:59:10,2014-10-22 07:59:40,30001.38,30003.6,0.31,407.02,407.11,753.08,30001.38,173.0064750549,170.6605391089,"$D7C5AAE76F68CB378E8130475F306D68DC03E968, $9A9FE7C84BD21590CA4A0FC99DAC803C1F72E55D, $5DEF69E67BAF2CF26D36B5AC2A925BB2EA376593, $B2D39AF576A2853F4B5ABF959E02FEDED2120B01, $5C1E076A17578A8D734F977D53D28D409D546773"
FALSE,183,415,2014-10-22 07:59:09,2014-10-22 08:09:10,2014-10-22 08:09:25,14601.61,14603.29,0.33,398.97,399.08,695.25,14601.61,360.4989700481,350.6541416133,"$2BA2C8E96B2590E1072AECE2BDB5C48921BF8510, $C8A35B3769186C11E110D9393E4337D2969938D1, $F596E1B1EF98E1DDBBDC934DB722AF54069868F6, $9C823407CE8D1880F34187E6E2F9CA341B1EB238, $BC630CBBB518BE7E9F4E09712AB0269E9DC7D626"
FALSE,186,417,2014-10-22 08:09:16,2014-10-22 08:19:10,2014-10-22 08:19:17,6201.67,6203.85,0.32,299.77,299.84,573.27,6201.67,867.5273745651,825.6270876133,"$CD6B850159CFF4C068A8D0F1BA5296AE4EDCAB39, $8A0ADB8C728619B7610F661B8EA23C492BE24516, $34E627190284820BD6755D6D0BB42ECD4E863875, $27780F5112DEB64EA65F987079999B9DC055F7C0, $63F054E1F865D5694C61B4E8F4153B16F50D0CE2"
FALSE,187,419,2014-10-22 08:19:10,2014-10-22 08:29:11,2014-10-22 08:29:26,14821.31,14822.98,0.31,439.72,439.83,852.26,14821.31,356.0133321658,345.4557266906,"$1E19DEFC7FC54C2A412C3D231F29D0A4210D0905, $995D0FE5A89563D79A383CCC2444D0E26C6BE625, $C804BE8FB1C7C42D43C4A5E2039E77AA0FF3A8B4, $5F341AD0EA2A1931E8AD662ED4A69BFD5666EE26, $FA4E7BBEBAAA72E8AA578445392E4DA5810677FF"
FALSE,190,421,2014-10-22 08:39:11,2014-10-22 08:43:05,2014-10-22 08:43:25,20048.67,20051.12,0.33,640.36,640.86,1297.79,20048.67,263.8112939732,255.3827263582,"$3A6A156A01891A13DFAB19A16D2DBABB84F1869B, $CFEC81B97F6C15689ED8451C3DB0F8C399C01724, $8E454B25A25FD00C8DADEF6988834C2112B96287, $770A46226FB76C618B6ADAEF2280E539C1879381, $D3BDECB920E0B7543AD2BA7BF573F7B0F37F7B0F"
FALSE,189,423,2014-10-22 08:29:16,2014-10-22 08:53:05,2014-10-22 08:53:24,18697.74,18699.66,0.32,185,185.1,370.1,18697.74,276.5677952852,273.8345443682,"$7489E8EDD0B8B68C8A2CB31D2B56B6572091DA7F, $427DEDAA28D39672F3D9B7714170C724634671F3, $BDB26EF60A419089CA3AA0891AF1681455285D48, $0B4464C41BCA8265ECB34771AE812611A09CA6B0, $ACA747B62961195052B76959AEFBD29835042189"
FALSE,191,425,2014-10-22 08:53:05,2014-10-22 09:03:05,2014-10-22 09:03:18,12321.11,12322.75,0.32,485.57,486.16,984.54,12321.11,432.6170969066,415.557931988,"$A22352FD385067470752ECE795BF3E06F255AABA, $65C86182FDAACB59C9DB6D9DDB83148933415A3C, $31BF869AED6A7455B8566B317555362BFC054D17, $003A53BC2819E239C8DF80B2B24CE834410861E4, $C37C070A2895414DBCEB26A911A87166420D9D51"
FALSE,192,427,2014-10-22 09:03:05,2014-10-22 09:13:06,2014-10-22 09:13:17,11064.89,11066.41,0.34,419.77,420.19,822.52,11064.89,480.9904538457,462.7390755598,"$DFAA85FA163F9936511C6C8A4C33E625FAF53E19, $EC34A70B58B8EB6B11F4D31BD36DC8C187CB3B8A, $72F1EC41046F290AD53F6DF513942A1E1649EDAF, $002F949E8E4F72DC5F6BAAD1878AA7E6367325C7, $B4F883DB3D478C7AE569C9F6CB766FD58650DC6A"
FALSE,193,445,2014-10-22 09:13:05,2014-10-22 09:23:06,2014-10-22 09:23:18,11858.18,11860.42,0.32,416.2,416.3,821.01,11858.18,447.4789153914,431.7811900592,"$E65E16903DFA45B8402A80B3702B5140F202275D, $AB6A623789F9B50A7962FEEF69CA714B90289C41, $4A8813EBF4A0041ADFA204B89C32CAC841EF6578, $1E19DEFC7FC54C2A412C3D231F29D0A4210D0905, $21ABB9584677EEB54514265F24756AD0B04E0EFA"
FALSE,198,453,2014-10-22 09:23:07,2014-10-22 09:33:06,2014-10-22 09:33:25,18457.91,18460.41,0.31,222.58,222.71,407.75,18457.91,280.7755833185,277.3924208762,"$381AADD94206371B4D48B5EF8DBAB3C8947C688F, $3BAD73517BA45B685D5C8E5F4C32A729459275CA, $11FAC005C4E07933DF9292A675435A31DAA8F9E1, $D390A97BCB716D2D64B5010ACC03FDF22169974B, $108E8F373C49B17DD656F4A547D9716E927C9441"
FALSE,201,455,2014-10-22 09:33:06,2014-10-22 09:43:07,2014-10-22 10:03:52,1245097.84,1245099.49,0.32,723,723.1,1283,1245097.84,4.1145161754,4.1121276958,"$746DDB5B9B13A2FA3BB3088CE8082C23C93DD66D, $CFB913BCE9B71450AC54145FDE04AD26EA381EA4, $2FA5252437EA4E04D3755B7F18314ED9EA386D95, $52330B466C87394B2C295C714F56D539A5ABE062, $0FB32A4397E227D995CC9ED5299373D40D36284A"
FALSE,203,456,2014-10-22 09:53:07,2014-10-22 10:11:22,2014-10-22 10:11:40,17698.22,17699.9,0.34,380.79,381.3,680.16,17698.22,295.6647384012,289.3002172188,"$22BCD0DFD148209C9860C7F89907AB4DEE974A08, $811F3FD8D280ADD330B3A3F18D5DD8F1A73B1012, $E26AFC5F718E21AC502899B20C653AEFF688B0D2, $A2E61D5F86C76CFE0FC4D01F9932366D978BCFC0, $E1E922A20AF608728824A620BADC6EFC8CB8C2B8"
FALSE,202,458,2014-10-22 09:43:06,2014-10-22 10:21:22,2014-10-22 10:21:32,9397.94,9400.12,0.32,388.17,388.28,743.24,9397.94,568.2791880922,544.8189575981,"$22BCD0DFD148209C9860C7F89907AB4DEE974A08, $80AAF8D5956A43C197104CEF2550CD42D165C6FB, $CE75BF0972ADD52AF8807602374E495C815DB304, $E65E16903DFA45B8402A80B3702B5140F202275D, $0078FFEABB3B87512DD6701C2930D8FCA128F97D"
